"alt","caption","commentsCount","dimensionsHeight","dimensionsWidth","displayUrl","firstComment","hashtags/0","hashtags/1","hashtags/2","hashtags/3","hashtags/4","hashtags/5","hashtags/6","hashtags/7","hashtags/8","hashtags/9","hashtags/10","hashtags/11","hashtags/12","hashtags/13","hashtags/14","hashtags/15","hashtags/16","hashtags/17","hashtags/18","hashtags/19","hashtags/20","hashtags/21","hashtags/22","hashtags/23","hashtags/24","hashtags/25","hashtags/26","hashtags/27","hashtags/28","hashtags/29","id","likesCount","locationId","locationName","mentions/0","ownerFullName","ownerId","ownerUsername","position","queryUsername","shortCode","timestamp","type","url"
,"Gin, lime, cucumber-melon-y flavors, vibrant colors, whacky garnishing - my work here is done. 🙃

Magnets and Miracles

2 oz of gin
.75 oz lime juice
.5 oz  Desert Pear syrup
2 slices of baby cucumber

@moodymixologist
#cocktails #drinks #bar #cocktail #bartender #mixology #drink #food #gin #cocktailbar #happyhour #wine #cocktailsofinstagram #beer #drinkstagram #party #mixologist #instagood #bartenderlife #cheers #foodporn #foodie #vodka #craftcocktails #restaurant #love #rum #summer #alcohol #bhfyp","5","1080","1080","https://instagram.fbzy1-1.fna.fbcdn.net/v/t51.2885-15/123342309_2468920070074605_3502564334216931392_n.jpg?stp=dst-jpg_e35&_nc_ht=instagram.fbzy1-1.fna.fbcdn.net&_nc_cat=109&_nc_ohc=SN63uq4pgIsAX_QaA7B&edm=ABfd0MgBAAAA&ccb=7-5&oh=00_AT9j6EqDvfx4yT4F9lTuc-tMhvCLZlewMtHDlzVeDNnqbw&oe=629DDD48&_nc_sid=7bff83","","cocktails","drinks","bar","cocktail","bartender","mixology","drink","food","gin","cocktailbar","happyhour","wine","cocktailsofinstagram","beer","drinkstagram","party","mixologist","instagood","bartenderlife","cheers","foodporn","foodie","vodka","craftcocktails","restaurant","love","rum","summer","alcohol","bhfyp","2432075099111084105","99",,,"moodymixologist",,"40400381646","recette_cocktail","1","recette_cocktail","CHAd2q9ltBJ","2020-10-31T12:06:06.000Z","Image","https://www.instagram.com/p/CHAd2q9ltBJ/"
,"💀Bitter Death in the Afternoon Fizz 🎃

1 oz Peychaud’s bitters
.5 oz absinthe (@oregonspiritdistillers)
1 oz simple syrup
.5 oz lime juice
.5 oz lemon juice
1 egg white
Champagne (about 3 oz)

#cocktails #drinks #bar #cocktail #bartender #mixology #drink #food #gin #cocktailbar #happyhour #wine #beer #party #drinkstagram #cocktailsofinstagram #mixologist #instagood #bartenderlife #foodporn #cheers #foodie #craftcocktails #vodka #restaurant #rum #love #alcohol #summer #bhfyp","2","1080","1080","https://instagram.fbzy1-1.fna.fbcdn.net/v/t51.2885-15/121615076_424403565217751_6113092711710344044_n.jpg?stp=dst-jpg_e35&_nc_ht=instagram.fbzy1-1.fna.fbcdn.net&_nc_cat=111&_nc_ohc=VqtIjkdZHwMAX9sSXaa&edm=ABfd0MgBAAAA&ccb=7-5&oh=00_AT-jK2chxEDBCm682YIbb8Vu2-WZ2OyZoEm6LW430QfpDA&oe=629EAC37&_nc_sid=7bff83","","cocktails","drinks","bar","cocktail","bartender","mixology","drink","food","gin","cocktailbar","happyhour","wine","beer","party","drinkstagram","cocktailsofinstagram","mixologist","instagood","bartenderlife","foodporn","cheers","foodie","craftcocktails","vodka","restaurant","rum","love","alcohol","summer","bhfyp","2422184747969418662","72",,,"oregonspiritdistillers)",,"40400381646","recette_cocktail","2","recette_cocktail","CGdVDHrFhWm","2020-10-17T20:35:44.000Z","Image","https://www.instagram.com/p/CGdVDHrFhWm/"
,"Black and Blue Bramble
@moodymixologist

2 oz gin
1 oz lemon juice
.5 oz simple syrup
.5 oz blackberry 

#cocktails #drinks #bar #cocktail #bartender #mixology #drink #food #gin #cocktailbar #happyhour #wine #beer #party #drinkstagram #cocktailsofinstagram #mixologist #instagood #bartenderlife #foodporn #cheers #foodie #craftcocktails #vodka #restaurant #rum #love #alcohol #summer #bhfyp","5","1080","1080","https://instagram.fbzy1-1.fna.fbcdn.net/v/t51.2885-15/120220268_344004910353861_3129642698475313454_n.jpg?stp=dst-jpg_e35&_nc_ht=instagram.fbzy1-1.fna.fbcdn.net&_nc_cat=109&_nc_ohc=dcGYGNwX-f4AX-hvL7f&edm=ABfd0MgBAAAA&ccb=7-5&oh=00_AT9nJ7VJ_I0E24GIzu-HxRjB9lBQcP7xEbD_tXVbgozP_g&oe=629D8893&_nc_sid=7bff83","","cocktails","drinks","bar","cocktail","bartender","mixology","drink","food","gin","cocktailbar","happyhour","wine","beer","party","drinkstagram","cocktailsofinstagram","mixologist","instagood","bartenderlife","foodporn","cheers","foodie","craftcocktails","vodka","restaurant","rum","love","alcohol","summer","bhfyp","2408668073379066020","103",,,"moodymixologist",,"40400381646","recette_cocktail","3","recette_cocktail","CFtTtnflXCk","2020-09-29T05:00:31.000Z","Image","https://www.instagram.com/p/CFtTtnflXCk/"
,"The Pink 75 
By @moodymixologist

▫️Stella Rosa Pearl Lux Rosé
▫️Vodka
▫️Guava syrup
▫️Strawberries
▫️Lime juice

#cocktails #drinks #bar #cocktail #bartender #mixology #drink #food #gin #cocktailbar #happyhour #wine #beer #party #drinkstagram #cocktailsofinstagram #mixologist #instagood #bartenderlife #foodporn #cheers #foodie #craftcocktails #vodka #restaurant #rum #love #alcohol #summer #bhfyp","2","1080","1080","https://instagram.fbzy1-1.fna.fbcdn.net/v/t51.2885-15/119236316_374857830187352_1555658179426808503_n.jpg?stp=dst-jpg_e35&_nc_ht=instagram.fbzy1-1.fna.fbcdn.net&_nc_cat=108&_nc_ohc=_jXx7w6fAuMAX-JdaGp&edm=ABfd0MgBAAAA&ccb=7-5&oh=00_AT-ko34VcreF7LCGk_A_1gRvYKBFTw7CCHKlBV-ptFh8og&oe=629DF28A&_nc_sid=7bff83","","cocktails","drinks","bar","cocktail","bartender","mixology","drink","food","gin","cocktailbar","happyhour","wine","beer","party","drinkstagram","cocktailsofinstagram","mixologist","instagood","bartenderlife","foodporn","cheers","foodie","craftcocktails","vodka","restaurant","rum","love","alcohol","summer","bhfyp","2398529569344979172","119",,,"moodymixologist",,"40400381646","recette_cocktail","4","recette_cocktail","CFJSe90FADk","2020-09-15T05:17:07.000Z","Image","https://www.instagram.com/p/CFJSe90FADk/"
,"Coconut Daiquiris, 3 ways
By @moodymixologist 

#cocktail #cocktails #bar #drinks #bartender #drink #mixology #cocktailbar #gin #drinkstagram #food #wine #mixologist #instagood #bartenderlife #barman #beer #drinkup #happyhour #party #cheers #alcohol #cocktailsofinstagram #craftcocktails #vodka #cocktailtime #cocktailporn #rum #bartending #bhfyp","4","1080","1080","https://instagram.fbzy1-1.fna.fbcdn.net/v/t51.2885-15/118889936_367970927704675_1691148918409071023_n.jpg?stp=dst-jpg_e35&_nc_ht=instagram.fbzy1-1.fna.fbcdn.net&_nc_cat=107&_nc_ohc=hcvhbubks7AAX96dXSf&edm=ABfd0MgBAAAA&ccb=7-5&oh=00_AT-oZA7R8OGPUWRviJ1iv410HQhq8uUW_k2ckoZa2HKArg&oe=629EEF9D&_nc_sid=7bff83","","cocktail","cocktails","bar","drinks","bartender","drink","mixology","cocktailbar","gin","drinkstagram","food","wine","mixologist","instagood","bartenderlife","barman","beer","drinkup","happyhour","party","cheers","alcohol","cocktailsofinstagram","craftcocktails","vodka","cocktailtime","cocktailporn","rum","bartending","bhfyp","2393824001900579998","107",,,"moodymixologist",,"40400381646","recette_cocktail","5","recette_cocktail","CE4kj8oFoye","2020-09-08T17:28:00.000Z","Image","https://www.instagram.com/p/CE4kj8oFoye/"
,"Clover Club
By @moodymixologist

Ingredients :
1.5 oz gin
.5 oz dry vermouth
.5 oz raspberry syrup
.5 oz lemon juice
1 egg white

#cocktail #cocktails #bar #drinks #bartender #drink #mixology #cocktailbar #gin #drinkstagram #food #wine #mixologist #instagood #bartenderlife #barman #beer #drinkup #happyhour #party #cheers #alcohol #cocktailsofinstagram #craftcocktails #vodka #cocktailtime #cocktailporn #rum #bartending #bhfyp","5","1080","1080","https://instagram.fbzy1-1.fna.fbcdn.net/v/t51.2885-15/118787707_1746287188855327_8053650550584249215_n.jpg?stp=dst-jpg_e35&_nc_ht=instagram.fbzy1-1.fna.fbcdn.net&_nc_cat=107&_nc_ohc=llLRzpi0tb4AX_zOHLf&edm=ABfd0MgBAAAA&ccb=7-5&oh=00_AT_kXLiEqgOobk4TnUiZFt2TmFDQHkUDpTO09RT2JpuKJQ&oe=629DC0B2&_nc_sid=7bff83","","cocktail","cocktails","bar","drinks","bartender","drink","mixology","cocktailbar","gin","drinkstagram","food","wine","mixologist","instagood","bartenderlife","barman","beer","drinkup","happyhour","party","cheers","alcohol","cocktailsofinstagram","craftcocktails","vodka","cocktailtime","cocktailporn","rum","bartending","bhfyp","2391482593541792898","112",,,"moodymixologist",,"40400381646","recette_cocktail","6","recette_cocktail","CEwQL-KlqSC","2020-09-05T11:56:02.000Z","Image","https://www.instagram.com/p/CEwQL-KlqSC/"
,"Little Wing
By @moodymixologist

Ingredients 
4,5cl de gin
3cl de P31 
2cl de Cointreau
1,5cl de jus de citron
1,5cl de jus de citron vert

#cocktail #cocktails #bar #drinks #bartender #drink #mixology #cocktailbar #gin #drinkstagram #food #wine #mixologist #instagood #bartenderlife #barman #beer #drinkup #happyhour #party #cheers #alcohol #cocktailsofinstagram #craftcocktails #vodka #cocktailtime #cocktailporn #rum #bartending #bhfyp","3","1080","1080","https://instagram.fbzy1-1.fna.fbcdn.net/v/t51.2885-15/118614605_749766612265034_9022937180015055669_n.jpg?stp=dst-jpg_e35&_nc_ht=instagram.fbzy1-1.fna.fbcdn.net&_nc_cat=102&_nc_ohc=BYkoodPuU5UAX8nfTQh&edm=ABfd0MgBAAAA&ccb=7-5&oh=00_AT-Jde9bgofsFG_n_sGsvDxdfhiaG7Wbmuu4IDXVvxuXBA&oe=629E0262&_nc_sid=7bff83","","cocktail","cocktails","bar","drinks","bartender","drink","mixology","cocktailbar","gin","drinkstagram","food","wine","mixologist","instagood","bartenderlife","barman","beer","drinkup","happyhour","party","cheers","alcohol","cocktailsofinstagram","craftcocktails","vodka","cocktailtime","cocktailporn","rum","bartending","bhfyp","2389094493108774794","134",,,"moodymixologist",,"40400381646","recette_cocktail","7","recette_cocktail","CEnxMiUlyeK","2020-09-02T04:51:18.000Z","Image","https://www.instagram.com/p/CEnxMiUlyeK/"
,"Autumn Alexander
By @moodymixologist

Ingredients :
▪️6cl de bourbon
▪️3cl de crème 
▪️1cl de sirop d'érable

 

#cocktail #cocktails #bar #drinks #bartender #drink #mixology #cocktailbar #gin #drinkstagram #food #wine #mixologist #instagood #bartenderlife #barman #beer #drinkup #happyhour #party #cheers #alcohol #cocktailsofinstagram #craftcocktails #vodka #cocktailtime #cocktailporn #rum #bartending #bhfyp","14","1080","1080","https://instagram.fbzy1-1.fna.fbcdn.net/v/t51.2885-15/118507107_1001475016931909_738118092856379734_n.jpg?stp=dst-jpg_e35&_nc_ht=instagram.fbzy1-1.fna.fbcdn.net&_nc_cat=105&_nc_ohc=0ITu7MP-tBUAX_diN0n&edm=ABfd0MgBAAAA&ccb=7-5&oh=00_AT-MTHAt7TMrlj8sBX3HXZrUALVU4MTGnTR22t70H_kkow&oe=629E57CA&_nc_sid=7bff83","","cocktail","cocktails","bar","drinks","bartender","drink","mixology","cocktailbar","gin","drinkstagram","food","wine","mixologist","instagood","bartenderlife","barman","beer","drinkup","happyhour","party","cheers","alcohol","cocktailsofinstagram","craftcocktails","vodka","cocktailtime","cocktailporn","rum","bartending","bhfyp","2387758599181387448","206",,,"moodymixologist",,"40400381646","recette_cocktail","8","recette_cocktail","CEjBcuJl0a4","2020-08-31T08:37:07.000Z","Image","https://www.instagram.com/p/CEjBcuJl0a4/"
,"Basil Blossom Raspberry Gin Smash
by @moodymixologist.

Ingredients:
▪️6cl de gin
▪️1,25cl de sirop de sucre de canne
▪️1 demi citron coupé en cube
▪️5 framboises
▪️8 feuilles de basilique

#cocktail #cocktails #bar #drinks #bartender #drink #mixology #cocktailbar #gin #drinkstagram #food #wine #mixologist #instagood #bartenderlife #barman #beer #drinkup #happyhour #party #cheers #alcohol #cocktailsofinstagram #craftcocktails #vodka #cocktailtime #cocktailporn #rum #bartending #bhfyp","6","1080","1080","https://instagram.fbzy1-1.fna.fbcdn.net/v/t51.2885-15/118403904_2716717375276151_8293599040111431407_n.jpg?stp=dst-jpg_e35&_nc_ht=instagram.fbzy1-1.fna.fbcdn.net&_nc_cat=111&_nc_ohc=NiolgbZfdD4AX85ObUt&edm=ABfd0MgBAAAA&ccb=7-5&oh=00_AT_9x3GjlggxmT8PoPi0HLMmq5K7b4J3D15AraYm3Nfj6Q&oe=629D59F8&_nc_sid=7bff83","","cocktail","cocktails","bar","drinks","bartender","drink","mixology","cocktailbar","gin","drinkstagram","food","wine","mixologist","instagood","bartenderlife","barman","beer","drinkup","happyhour","party","cheers","alcohol","cocktailsofinstagram","craftcocktails","vodka","cocktailtime","cocktailporn","rum","bartending","bhfyp","2386265184039930140","175",,,"moodymixologist.",,"40400381646","recette_cocktail","9","recette_cocktail","CEdt4q6lQkc","2020-08-29T07:09:58.000Z","Image","https://www.instagram.com/p/CEdt4q6lQkc/"
,"Strawberry Watermelon Gin 
By @moodymixologist

Ingredients :

▪️Bimini Gin
▪️Pastèque pressée
▪️Jus de citron vert
▪️Liqueur de pamplemousse rose
▪️Sirop de fraise

#cocktail #cocktails #bar #drinks #bartender #drink #mixology #cocktailbar #gin #drinkstagram #food #wine #mixologist #instagood #bartenderlife #barman #beer #drinkup #happyhour #party #cheers #alcohol #cocktailsofinstagram #craftcocktails #vodka #cocktailtime #cocktailporn #rum #bartending #bhfyp","16","1080","1080","https://instagram.fbzy1-1.fna.fbcdn.net/v/t51.2885-15/118500449_193285202227428_7028071497277921156_n.jpg?stp=dst-jpg_e35&_nc_ht=instagram.fbzy1-1.fna.fbcdn.net&_nc_cat=100&_nc_ohc=Ymx96udk9oQAX-JIjQH&edm=ABfd0MgBAAAA&ccb=7-5&oh=00_AT_GgoiGgoMFFqgAYO1opKh2YByNjO5CdpPPPAqXuno3GA&oe=629E12BF&_nc_sid=7bff83","","cocktail","cocktails","bar","drinks","bartender","drink","mixology","cocktailbar","gin","drinkstagram","food","wine","mixologist","instagood","bartenderlife","barman","beer","drinkup","happyhour","party","cheers","alcohol","cocktailsofinstagram","craftcocktails","vodka","cocktailtime","cocktailporn","rum","bartending","bhfyp","2385553542493879932","177",,,"moodymixologist",,"40400381646","recette_cocktail","10","recette_cocktail","CEbME7FBb58","2020-08-28T07:36:04.000Z","Image","https://www.instagram.com/p/CEbME7FBb58/"
,"Daiquiri Coco:
By @moodymixologist

▪️6cl de Rhum blanc
▪️3cl de jus de citron jaune frais
▪️2cl de liqueur de coco

#cocktail #cocktails #bar #drinks #bartender #drink #mixology #cocktailbar #gin #drinkstagram #food #wine #mixologist #instagood #bartenderlife #barman #beer #drinkup #happyhour #party #cheers #alcohol #cocktailsofinstagram #craftcocktails #vodka #cocktailtime #cocktailporn #rum #bartending #bhfyp","13","1080","1080","https://instagram.fbzy1-1.fna.fbcdn.net/v/t51.2885-15/118401195_307784123623384_5059115819822421220_n.jpg?stp=dst-jpg_e35&_nc_ht=instagram.fbzy1-1.fna.fbcdn.net&_nc_cat=104&_nc_ohc=P5fa-feJuWMAX_GntdO&edm=ABfd0MgBAAAA&ccb=7-5&oh=00_AT-8EbC82lAFLX7eszq2NsNUjtVt18PrgonbdsUVfO8PWg&oe=629DC509&_nc_sid=7bff83","","cocktail","cocktails","bar","drinks","bartender","drink","mixology","cocktailbar","gin","drinkstagram","food","wine","mixologist","instagood","bartenderlife","barman","beer","drinkup","happyhour","party","cheers","alcohol","cocktailsofinstagram","craftcocktails","vodka","cocktailtime","cocktailporn","rum","bartending","bhfyp","2384966275861715330","169",,,"moodymixologist",,"40400381646","recette_cocktail","11","recette_cocktail","CEZGjEaBhmC","2020-08-27T12:09:17.000Z","Image","https://www.instagram.com/p/CEZGjEaBhmC/"
,"Midnight Sunshine
by @moodymixologist

Ingredients :
▪️Aquavit
▪️jus de citron
▪️sirop de miel au thym
▪️pêches

#cocktail #cocktails #bar #drinks #bartender #drink #mixology #cocktailbar #gin #drinkstagram #food #wine #mixologist #instagood #bartenderlife #barman #beer #drinkup #happyhour #party #cheers #alcohol #cocktailsofinstagram #craftcocktails #vodka #cocktailtime #cocktailporn #rum #bartending #bhfyp","12","1080","1080","https://instagram.fbzy1-1.fna.fbcdn.net/v/t51.2885-15/118289679_627875087742922_623389290676338511_n.jpg?stp=dst-jpg_e35&_nc_ht=instagram.fbzy1-1.fna.fbcdn.net&_nc_cat=110&_nc_ohc=cePRCkYotCYAX9UFxpb&edm=ABfd0MgBAAAA&ccb=7-5&oh=00_AT9tY_CWUUaARjlxHA4lwWYh4JfdnJ2Gg_Ucm1bfsUXBFA&oe=629E3203&_nc_sid=7bff83","","cocktail","cocktails","bar","drinks","bartender","drink","mixology","cocktailbar","gin","drinkstagram","food","wine","mixologist","instagood","bartenderlife","barman","beer","drinkup","happyhour","party","cheers","alcohol","cocktailsofinstagram","craftcocktails","vodka","cocktailtime","cocktailporn","rum","bartending","bhfyp","2384830475656494813","164",,,"moodymixologist",,"40400381646","recette_cocktail","12","recette_cocktail","CEYnq6nB_7d","2020-08-27T07:39:28.000Z","Image","https://www.instagram.com/p/CEYnq6nB_7d/"
